"Timestamp","1.What is your name?","
2.Gender?","3.What is your age?","4.How frequently do you wear makeup?","5.Of the choice listed which best described your makeup style?","6.How frequently do you buy makeup products?","7.What do u look first when you buy makeup product?"," 
8.which premier is best for make-up?","9.Which foreign makeup brand you use?","10.How important is it to you that brands are cruelty free?","11. How often do you shop at MAC cosmetics?","12.If the products were available to you now, how likely would you be to purchase from MAC","13.Do advertisements for MAC make you more inclined to buy from them?","14.Which product are you mostly likely to purchase from MAC?","15.What kind of makeup looks do you create most often?","16.Which one you like from premier do for a make-up?","17.What in store event at MAC would you be most likely to attend?","18.What social media platform do you use the most to find new trends and new make-up products?","19.How likely are you purchase MAC Cosmetics with the tagline “Natural Beauty for All”? ","20.Do you prefer heigh end or drug makeup brands?","21.Which factor influences you the most while choosing your cosmetic brand?","22.Which mac foundation shade do you use?","23.Is MAC foundation worth the money?","24.How likely are you recommend MAC foundation & Primer product to your friends and your family?","25.What is one main reason out of the following for you to purchase MAC foundation?","26.What do think about the full form of MAC is","27.Is MAC foundation is waterproof?"," 28.Which MAC foundation would you like ?","29.Do you like to wearing a natural look for the daytime and then  wearing a more  bold look for the night time?","30.Often do you wear primer products?","31.What is your favorite makeup brand?"
"2023/03/30 5:05:44 PM GMT+5:30","Dheeraj ","male","Below 18","Special occasion","Glamorous","Frequently","Packaging","Insight premier","Maybelline","Not yet important","Less than onece a year/never","Highly likely","No","Lipstick","Natural and minimal","Create a less porous surface for makeup","Celebrity/influencer appearance","You tube","Somewhat likely","Drug store","Advertisment","","Somewhat satisfy nor dissatisfy","Very unlikely","Long-wearing","Others","Neither agree nor disagree","MAC powder foundation","Agree completely","Maybe","Lakeme"
"2023/03/30 5:06:26 PM GMT+5:30","Elizabeth ","female","25 years -35 years","Everynight","Retro","Very rarely","Brand","Blue heaven","Loreal","Not yet important","Onece a year or more","Highly likely","No","Brushes","Flirty and romantic","Create a less porous surface for makeup","Free skincare demonstration","Pinterest","Somewhat likely","Others","Workspace","NW35","Very dissatisfy","Somewhat likely","Long-wearing","Others","","MAC studio fix foundation","Agree completely","Maybe","Nykaa"
"2023/03/30 5:08:35 PM GMT+5:30","Sujin peabhu","male","18 years -25 years","Weekend","Naturals","Frequently","Price","Lakme","Maybelline","Not yet important","Onece a year or more","Highly likely","No","Foundation","Flirty and romantic","Others","Others","Others","Not at all likely","High end","Workspace","NC17","Very satisfy","Somewhat likely","Comfortable","Others","Disagree somewhat","MAC powder foundation","Agree somewhat","Maybe","Lakeme"
"2023/03/30 5:08:39 PM GMT+5:30","Jesubalan","male","18 years -25 years","Special occasion","Naturals","Rarely","Brand","Lakme","Maybelline","Extremely important","Onece a month or more","Likely","No","Lipstick","Natural and minimal","Create a less porous surface for makeup","Free skincare demonstration","Instagram","Extremely likely","Both","Advertisment","NC10","Satisfy","Very likely","Comfortable","Media Access Control","Agree completely","MAC face and body foundation","Agree completely","No","Nykaa"
"2023/03/30 5:09:58 PM GMT+5:30","Preethi ","female","18 years -25 years","Special occasion","Naturals","Very rarely","Brand","Sugar cosemetics","MAC","Extremely important","Onece a month or more","Highly likely","Yes","Foundation","Natural and minimal","Soomth thr skin","Free skincare demonstration","Instagram","Extremely likely","High end","Workspace","NC5","Satisfy","Very likely","Control oil to allow your skin","Media Access Control","Agree somewhat","MAC pro long wear foundation","Agree completely","yes","MAC"
"2023/03/30 5:10:45 PM GMT+5:30","Ribisha","female","18 years -25 years","Everyday","Glamorous","Frequently","Others","Lakme","MAC","Very important","Onece a month or more","Likely","Sometimes","Lipstick","Dramatic and bold","Soomth thr skin","Free skincare demonstration","Instagram","Very likely","Others","Advertisment","NC17","Satisfy","Somewhat likely","Long-wearing","Mack-up Art Cosmetics","Agree somewhat","MAC pro long wear foundation","Agree completely","yes","MAC"
"2023/03/30 5:13:36 PM GMT+5:30","Thanika ","male","18 years -25 years","Special occasion","Normal","Very rarely","Brand","Sugar cosemetics","Maybelline","Very important","Less than onece a year/never","Not sure","No","Foundation","Dramatic and bold","Create a less porous surface for makeup","Launch event/party","Instagram","Extremely likely","Both","Any other","NW35","Satisfy","Somewhat likely","Long-wearing","Don't know","Disagree somewhat","MAC studio fix foundation","Agree completely","Maybe","Nykaa"
"2023/03/30 5:13:59 PM GMT+5:30","Sowmi ","female","18 years -25 years","Special occasion","Retro","","Packaging","Blue heaven","Maybelline","Somewhat imporatant","Oncce a day or more","Not sure","Sometimes","Brushes","Flirty and romantic","Create a less porous surface for makeup","Free skincare demonstration","Instagram","Not very likely","Both","Fmily","NC17","Very dissatisfy","Very unlikely","Comfortable","Mack-up Art Cosmetics","Disagree somewhat","MAC pro long wear foundation","Neither agree nor disagree","Maybe","Lakeme"
"2023/03/30 5:14:09 PM GMT+5:30","Vishwa","male","18 years -25 years","Special occasion","Normal","Rarely","Brand","Insight premier","Loreal","Somewhat imporatant","Onece a month or more","Likely","Sometimes","Eyeshadaw","Flirty and romantic","Create a less porous surface for makeup","Celebrity/influencer appearance","Instagram","Somewhat likely","Drug store","Advertisment","others","Satisfy","Somewhat likely","Comfortable","Mack-up Art Cosmetics","Agree completely","MAC studio fix foundation","Agree completely","Maybe","MAC"
"2023/03/30 5:14:39 PM GMT+5:30","Dhiviya ","female","18 years -25 years","Everynight","Naturals","Very rarely","Others","Blue heaven","Nykaa","Somewhat imporatant","Onece a year or more","Highly likely","No","Brushes","Dramatic and bold","Create a less porous surface for makeup","Launch event/party","Others","Extremely likely","Others","Workspace","NW35","Somewhat satisfy nor dissatisfy","Somewhat likely","Control oil to allow your skin","Mack-up Art Cosmetics","Disagree somewhat","MAC face and body foundation","Agree somewhat","Maybe","Nykaa"
"2023/03/30 5:15:13 PM GMT+5:30","Deepika","female","18 years -25 years","Everynight","Naturals","Very rarely","Price","Insight premier","Maybelline","Extremely important","","Likely","Many times","Brushes","Flirty and romantic","","Free skincare demonstration","Others","Extremely likely","Both","Workspace","NC17","Satisfy","Very unlikely","Control oil to allow your skin","Don't know","Agree somewhat","MAC studio fix foundation","Agree somewhat","Maybe","MAC"
"2023/03/30 5:15:48 PM GMT+5:30","Ganesan","male","18 years -25 years","Weekend","Naturals","Rarely","Brand","Blue heaven","Maybelline","Somewhat imporatant","Onece a year or more","Not likely","Sometimes","Foundation","Flirty and romantic","Create a less porous surface for makeup","Launch event/party","You tube","Not very likely","Both","Workspace","NC10","Very satisfy","Somewhat unlikely","To change the natural skin tone","Don't know","Disagree somewhat","MAC face and body foundation","Disagree completely","yes","MAC"
"2023/03/30 5:16:45 PM GMT+5:30","Mohan ","male","Below 18","Special occasion","Naturals","Rarely","Brand","Blue heaven","Nykaa","Very important","Onece a month or more","Likely","No","Eyeshadaw","Flirty and romantic","Fill in lines and wrinkles","Celebrity/influencer appearance","You tube","Not very likely","Both","Advertisment","N5","Very dissatisfy","Somewhat likely","Control oil to allow your skin","Mack-up Art Cosmetics","Disagree somewhat","MAC pro long wear foundation","Agree somewhat","No","MAC"
"2023/03/30 5:17:42 PM GMT+5:30","Jenisha. Y","female","18 years -25 years","Special occasion","Naturals","Rarely","Brand","Insight premier","Maybelline","Extremely important","Less than onece a year/never","Likely","Yes","Lipstick","I likely all equally","Soomth thr skin","Free skincare demonstration","Instagram","Extremely likely","Both","Fmily","others","Very satisfy","Very likely","Comfortable","Media Access Control","Agree somewhat","MAC studio fix foundation","Agree completely","Maybe","MAC"
"2023/03/30 5:17:46 PM GMT+5:30","BHAVADHARINI C","female","18 years -25 years","Special occasion","Naturals","Very rarely","Brand","Maybelline","Maybelline","Very important","Less than onece a year/never","Not sure","Sometimes","Lipstick","Natural and minimal","Create a less porous surface for makeup","Others","Instagram","Somewhat likely","Others","Advertisment","others","Satisfy","Somewhat unlikely","Control oil to allow your skin","Mack-up Art Cosmetics","Agree somewhat","MAC face and body foundation","Agree somewhat","Maybe","Maybelline"
"2023/03/30 5:17:46 PM GMT+5:30","Yuvaraj ","male","25 years -35 years","Everyday","Naturals","Rarely","Packaging","Insight premier","Nykaa","Somewhat imporatant","Less than onece a year/never","Likely","Sometimes","Eyeshadaw","I likely all equally","Create a less porous surface for makeup","Launch event/party","You tube","Somewhat likely","Drug store","Advertisment","NC17","Very satisfy","Somewhat likely","Control oil to allow your skin","Don't know","Disagree somewhat","MAC pro long wear foundation","Agree completely","Maybe","Lakeme"
"2023/03/30 5:18:15 PM GMT+5:30","Nancy","female","18 years -25 years","Special occasion","Naturals","Rarely","Brand","Sugar cosemetics","Maybelline","Extremely important","Onece a year or more","Likely","Sometimes","Lipstick","Dramatic and bold","Create a less porous surface for makeup","Launch event/party","Instagram","Not very likely","Others","Workspace","NC17","Very satisfy","Somewhat unlikely","Comfortable","Media Access Control","Agree somewhat","MAC face and body foundation","Disagree completely","No","Maybelline"
"2023/03/30 5:18:41 PM GMT+5:30","Mani","male","18 years -25 years","Special occasion","Retro","Frequently","Price","Maybelline","Maybelline","Extremely important","Oncce a day or more","Highly likely","Yes","Eyeshadaw","Dramatic and bold","Create a less porous surface for makeup","Makeup masterclass","Pinterest","Very likely","High end","Workspace","NC5","Somewhat satisfy nor dissatisfy","Very likely","Comfortable","Media Access Control","Agree completely","MAC face and body foundation","Disagree completely","Maybe","Lakeme"
"2023/03/30 5:18:53 PM GMT+5:30","Vinothini ","female","18 years -25 years","Weekend","Retro","Rarely","Brand","Insight premier","Maybelline","Very important","Less than onece a year/never","Likely","Sometimes","Foundation","Flirty and romantic","Create a less porous surface for makeup","","You tube","Somewhat likely","Drug store","Advertisment","NC17","Very dissatisfy","Somewhat unlikely","Long-wearing","Others","Disagree somewhat","MAC pro long wear foundation","Agree somewhat","No","Lakeme"
"2023/03/30 5:19:50 PM GMT+5:30","Deepak ","male","Below 18","Weekend","Retro","Very frequently","Packaging","Insight premier","Maybelline","Somewhat imporatant","Onece a year or more","Not likely","Sometimes","Foundation","Flirty and romantic","Create a less porous surface for makeup","Celebrity/influencer appearance","You tube","Not very likely","Both","Advertisment","NW35","Satisfy","Somewhat likely","Long-wearing","Mack-up Art Cosmetics","Disagree somewhat","MAC studio fix foundation","Agree completely","Maybe","Lakeme"
"2023/03/30 5:20:47 PM GMT+5:30","Ananthi","female","18 years -25 years","Weekend","Normal","Very frequently","Brand","Insight premier","Maybelline","Very important","Onece a year or more","Not likely","Sometimes","Eyeshadaw","Flirty and romantic","Create a less porous surface for makeup","","You tube","Somewhat likely","Both","Advertisment","NC17","Very satisfy","Somewhat unlikely","Control oil to allow your skin","Mack-up Art Cosmetics","Disagree somewhat","MAC pro long wear foundation","Agree somewhat","Maybe","Lakeme"
"2023/03/30 5:21:34 PM GMT+5:30","Devi","female","18 years -25 years","Everynight","Retro","","Brand","Insight premier","Nykaa","Somewhat imporatant","Less than onece a year/never","Not sure","No","Foundation","","Fill in lines and wrinkles","Celebrity/influencer appearance","You tube","","Both","Workspace","N5","Very dissatisfy","Somewhat unlikely","Control oil to allow your skin","Don't know","Disagree somewhat","MAC pro long wear foundation","","","Lakeme"
"2023/03/30 5:22:29 PM GMT+5:30","Sarath ","male","18 years -25 years","Weekend","Normal","Very frequently","Price","Blue heaven","Nykaa","","Onece a year or more","Not likely","Sometimes","Eyeshadaw","Flirty and romantic","Create a less porous surface for makeup","Launch event/party","You tube","Not very likely","Both","Advertisment","N5","Very dissatisfy","Somewhat unlikely","Control oil to allow your skin","Don't know","Disagree somewhat","MAC pro long wear foundation","Agree somewhat","Maybe","Lakeme"
"2023/03/30 5:23:19 PM GMT+5:30","Priya","female","18 years -25 years","Everynight","Naturals","Rarely","Brand","Insight premier","Maybelline","Somewhat imporatant","Less than onece a year/never","Likely","Sometimes","","Flirty and romantic","Others","Free skincare demonstration","You tube","Very likely","Drug store","Workspace","NC10","Somewhat satisfy nor dissatisfy","Very unlikely","","Others","Disagree somewhat","MAC powder foundation","Neither agree nor disagree","May not be","Maybelline"
"2023/03/30 5:23:58 PM GMT+5:30","Felix ","male","18 years -25 years","Special occasion","Normal","Rarely","Brand","Sugar cosemetics","MAC","Somewhat imporatant","Onece a month or more","Highly likely","Yes","Brushes","Natural and minimal","Fill in lines and wrinkles","Makeup masterclass","Instagram","Extremely likely","High end","Fmily","NC5","Very satisfy","Somewhat likely","Control oil to allow your skin","Mack-up Art Cosmetics","Disagree somewhat","MAC studio fix foundation","Agree completely","No","MAC"
"2023/03/30 5:26:37 PM GMT+5:30","Palani","male","25 years -35 years","Everyday","Trendy","Frequently","Packaging","Blue heaven","Maybelline","Somewhat imporatant","Onece a month or more","Not likely","Sometimes","Foundation","Flirty and romantic","Create a less porous surface for makeup","Launch event/party","Pinterest","Not very likely","Both","Advertisment","NC10","Very satisfy","Somewhat unlikely","Control oil to allow your skin","Don't know","Disagree somewhat","MAC pro long wear foundation","Agree somewhat","Maybe","Lakeme"
"2023/03/30 5:29:40 PM GMT+5:30","Mangalaraja","male","Below 18","Special occasion","Retro","Rarely","Packaging","Insight premier","Maybelline","Somewhat imporatant","Onece a year or more","Not likely","Sometimes","Eyeshadaw","Natural and minimal","Create a less porous surface for makeup","Celebrity/influencer appearance","You tube","Somewhat likely","Both","Advertisment","NC17","Very satisfy","Somewhat unlikely","Control oil to allow your skin","Mack-up Art Cosmetics","Disagree somewhat","MAC pro long wear foundation","Agree somewhat","Maybe","Lakeme"
"2023/03/30 5:31:09 PM GMT+5:30","Karthick","male","18 years -25 years","Everyday","Trendy","Very frequently","Packaging","Lakme","Loreal","Somewhat imporatant","Onece a year or more","Not likely","Sometimes","Foundation","Flirty and romantic","Create a less porous surface for makeup","Launch event/party","You tube","Somewhat likely","Both","Workspace","NW35","Very dissatisfy","Somewhat likely","Control oil to allow your skin","Don't know","Disagree somewhat","MAC studio fix foundation","Agree completely","No","Nykaa"
"2023/03/30 5:31:19 PM GMT+5:30","Gowri. D","female","18 years -25 years","Special occasion","Naturals","Rarely","Others","Lakme","Loreal","Somewhat imporatant","Onece a year or more","Likely","Sometimes","Eyeshadaw","Natural and minimal","Others","Others","Instagram","Not at all likely","Others","Advertisment","others","Satisfy","Somewhat likely","To change the natural skin tone","Mack-up Art Cosmetics","Agree completely","MAC face and body foundation","Neither agree nor disagree","No","Lakeme"
"2023/03/30 5:32:01 PM GMT+5:30","Gowtham ","male","18 years -25 years","Everyday","Trendy","Very frequently","Packaging","Insight premier","Nykaa","Somewhat imporatant","Onece a year or more","Not likely","Sometimes","Foundation","Flirty and romantic","Fill in lines and wrinkles","Others","You tube","Not very likely","High end","Any other","NC10","Very satisfy","Somewhat unlikely","Control oil to allow your skin","","Disagree somewhat","MAC pro long wear foundation","Agree completely","Maybe","Nykaa"
"2023/03/30 5:33:04 PM GMT+5:30","Saravanan","male","18 years -25 years","Everyday","Trendy","Very rarely","Others","Insight premier","Loreal","Not yet important","Less than onece a year/never","Not sure","Many times","Foundation","I likely all equally","Create a less porous surface for makeup","Launch event/party","Others","Not at all likely","Others","Advertisment","N5","Satisfy","Somewhat unlikely","Long-wearing","Don't know","Disagree somewhat","MAC studio fix foundation","Agree somewhat","May not be",""
"2023/03/30 5:34:01 PM GMT+5:30","Nanthini","female","25 years -35 years","Everyday","Trendy","Very rarely","Packaging","Insight premier","Maybelline","Somewhat imporatant","Onece a month or more","Likely","Sometimes","Eyeshadaw","Flirty and romantic","Create a less porous surface for makeup","Celebrity/influencer appearance","","","","Advertisment","NC10","Somewhat satisfy nor dissatisfy","Very unlikely","Control oil to allow your skin","Mack-up Art Cosmetics","Agree somewhat","MAC pro long wear foundation","Agree somewhat","May not be","Maybelline"
"2023/03/30 5:34:43 PM GMT+5:30","Priya","female","18 years -25 years","Special occasion","Trendy","Frequently","Brand","Maybelline","MAC","Extremely important","Onece a year or more","Highly likely","Yes","Lipstick","Natural and minimal","Soomth thr skin","Makeup masterclass","Instagram","Extremely likely","High end","Fmily","N5","Very satisfy","Very likely","Comfortable","Mack-up Art Cosmetics","Agree completely","MAC face and body foundation","Agree completely","yes","MAC"
"2023/03/30 5:34:54 PM GMT+5:30","Kokila","female","18 years -25 years","Everyday","Trendy","Very frequently","Brand","Blue heaven","Maybelline","Somewhat imporatant","Onece a year or more","Not likely","Sometimes","Foundation","Flirty and romantic","Create a less porous surface for makeup","Free skincare demonstration","Pinterest","Not very likely","Both","Advertisment","NW35","Very dissatisfy","Somewhat unlikely","To change the natural skin tone","Others","Disagree somewhat","MAC pro long wear foundation","Disagree completely","Maybe","Maybelline"
"2023/03/30 5:35:03 PM GMT+5:30","Sowmiya R","female","18 years -25 years","Special occasion","Naturals","Very rarely","Brand","Blue heaven","Maybelline","Extremely important","Onece a year or more","Highly likely","Yes","Foundation","Natural and minimal","Create a less porous surface for makeup","Free skincare demonstration","Instagram","Somewhat likely","Both","Advertisment","others","Very satisfy","Somewhat likely","Comfortable","Media Access Control","Agree somewhat","MAC face and body foundation","Neither agree nor disagree","Maybe","Maybelline"
"2023/03/30 5:35:45 PM GMT+5:30","Karthika","female","25 years -35 years","Everyday","Glamorous","Frequently","Brand","Maybelline","Nykaa","Somewhat imporatant","Onece a year or more","","Sometimes","Eyeshadaw","Flirty and romantic","Create a less porous surface for makeup","Celebrity/influencer appearance","You tube","Not at all likely","Both","Advertisment","","Somewhat satisfy nor dissatisfy","Somewhat unlikely","Control oil to allow your skin","Mack-up Art Cosmetics","","MAC pro long wear foundation","Neither agree nor disagree","May not be","Lakeme"
"2023/03/30 5:36:40 PM GMT+5:30","Manjula","female","18 years -25 years","Everyday","Trendy","Very frequently","Brand","Sugar cosemetics","Nykaa","Somewhat imporatant","Less than onece a year/never","Likely","Yes","Eyeshadaw","I likely all equally","Soomth thr skin","Free skincare demonstration","You tube","Not very likely","Both","Workspace","NW35","Very dissatisfy","Somewhat likely","Long-wearing","Media Access Control","Agree somewhat","MAC pro long wear foundation","Agree completely","May not be","Maybelline"
"2023/03/30 5:37:11 PM GMT+5:30","Elavarasi","female","18 years -25 years","Weekend","Glamorous","Frequently","Brand","Blue heaven","Maybelline","Very important","Onece a year or more","Likely","No","Foundation","Natural and minimal","Create a less porous surface for makeup","Launch event/party","You tube","Very likely","Drug store","Workspace","NW35","Very satisfy","Very likely","Long-wearing","Mack-up Art Cosmetics","Disagree somewhat","MAC face and body foundation","Agree completely","yes","Nykaa"
"2023/03/30 5:37:47 PM GMT+5:30","Kayal","female","18 years -25 years","Everyday","Trendy","Very frequently","Packaging","Sugar cosemetics","Maybelline","Somewhat imporatant","Onece a year or more","Not likely","Sometimes","Eyeshadaw","Flirty and romantic","Create a less porous surface for makeup","Celebrity/influencer appearance","You tube","Somewhat likely","Both","Advertisment","N5","Somewhat satisfy nor dissatisfy","Somewhat likely","Control oil to allow your skin","Media Access Control","Disagree somewhat","MAC pro long wear foundation","Disagree completely","Maybe","Lakeme"
"2023/03/30 5:38:43 PM GMT+5:30","Manopriya","female","25 years -35 years","Everynight","Retro","Rarely","Brand","Sugar cosemetics","Maybelline","Not yet important","Less than onece a year/never","Not sure","Sometimes","Eyeshadaw","Natural and minimal","Fill in lines and wrinkles","Celebrity/influencer appearance","Pinterest","Very likely","Drug store","Workspace","NC17","","Somewhat unlikely","Long-wearing","Don't know","Disagree somewhat","MAC studio fix foundation","Agree completely","No","Nykaa"
"2023/03/30 5:39:32 PM GMT+5:30","Lakshmi ","female","18 years -25 years","Weekend","Naturals","Rarely","Packaging","Insight premier","Maybelline","Very important","Onece a year or more","","Many times","Foundation","Flirty and romantic","Create a less porous surface for makeup","Others","You tube","Not very likely","","Advertisment","NW35","Very dissatisfy","","Control oil to allow your skin","Others","","MAC powder foundation","Agree somewhat","Maybe","Maybelline"
"2023/03/30 5:39:32 PM GMT+5:30","RUBAN PRINCE","male","18 years -25 years","Special occasion","Normal","Rarely","Brand","Blue heaven","MAC","Extremely important","Onece a month or more","Highly likely","Yes","Foundation","I likely all equally","Soomth thr skin","Free skincare demonstration","Others","Very likely","Others","Fmily","others","Satisfy","Very likely","Comfortable","Others","Agree completely","MAC studio fix foundation","Agree somewhat","yes","MAC"
"2023/03/30 5:42:31 PM GMT+5:30","Manohari","female","18 years -25 years","Everyday","Trendy","Very frequently","","Sugar cosemetics","Nykaa","Somewhat imporatant","Oncce a day or more","Not likely","No","Foundation","Natural and minimal","Fill in lines and wrinkles","Celebrity/influencer appearance","You tube","Somewhat likely","","Advertisment","NC17","Very dissatisfy","Very likely","Long-wearing","Don't know","Disagree somewhat","MAC pro long wear foundation","","Maybe","Nykaa"
"2023/03/30 5:43:01 PM GMT+5:30","Nivi","female","18 years -25 years","Everynight","Trendy","Very frequently","Price","Sugar cosemetics","Maybelline","Somewhat imporatant","Onece a year or more","Highly likely","Many times","Foundation","I likely all equally","Fill in lines and wrinkles","Celebrity/influencer appearance","Others","Not very likely","Drug store","Any other","others","","Very unlikely","","Mack-up Art Cosmetics","Disagree somewhat","MAC pro long wear foundation","Agree somewhat","May not be","Maybelline"
"2023/03/30 5:43:33 PM GMT+5:30","Gayathri ","female","25 years -35 years","Everyday","Trendy","Rarely","Packaging","Sugar cosemetics","Nykaa","Not yet important","Less than onece a year/never","Likely","","Foundation","Flirty and romantic","Create a less porous surface for makeup","Free skincare demonstration","You tube","Not very likely","Others","Workspace","NC17","Very dissatisfy","Very unlikely","Long-wearing","Mack-up Art Cosmetics","Agree somewhat","MAC powder foundation","Disagree completely","May not be","Nykaa"
"2023/03/30 5:43:49 PM GMT+5:30","Gayathiri ","female","18 years -25 years","Weekend","Glamorous","Rarely","Brand","Insight premier","Maybelline","Very important","Onece a year or more","Not likely","Sometimes","Foundation","Flirty and romantic","Create a less porous surface for makeup","Celebrity/influencer appearance","Pinterest","Very likely","","Workspace","NC17","Very dissatisfy","Very unlikely","Long-wearing","Don't know","Disagree somewhat","MAC pro long wear foundation","Agree somewhat","No","Lakeme"
"2023/03/30 5:44:12 PM GMT+5:30","Priyanka ","female","","Everyday","Retro","Rarely","Packaging","Lakme","Nykaa","Not yet important","Oncce a day or more","Not likely","No","Eyeshadaw","I likely all equally","Fill in lines and wrinkles","Launch event/party","You tube","Extremely likely","Both","Advertisment","NC10","Very dissatisfy","Somewhat unlikely","Comfortable","Others","","MAC pro long wear foundation","Neither agree nor disagree","No","Nykaa"
"2023/03/30 5:44:22 PM GMT+5:30","A.Rosy","female","Above 35 years","Special occasion","Normal","Very frequently","Price","Blue heaven","MAC","Very important","Onece a year or more","Highly likely","Many times","Foundation","Natural and minimal","Soomth thr skin","Makeup masterclass","You tube","Very likely","High end","Any other","NC10","Satisfy","Very likely","Comfortable","Media Access Control","Agree completely","MAC face and body foundation","Agree completely","yes","MAC"
"2023/03/30 5:44:39 PM GMT+5:30","Barathi","male","25 years -35 years","Everyday","Trendy","Rarely","Packaging","Insight premier","Maybelline","Somewhat imporatant","Less than onece a year/never","","No","Foundation","Flirty and romantic","Create a less porous surface for makeup","Launch event/party","You tube","Somewhat likely","Drug store","Workspace","N5","Very dissatisfy","Somewhat likely","Control oil to allow your skin","Don't know","Disagree somewhat","MAC pro long wear foundation","","Maybe",""
"2023/03/30 5:45:11 PM GMT+5:30","Kaviya V","female","18 years -25 years","Special occasion","Naturals","Very rarely","Brand","Sugar cosemetics","Maybelline","Extremely important","Less than onece a year/never","Not likely","No","Lipstick","Natural and minimal","Create a less porous surface for makeup","Free skincare demonstration","Instagram","Not at all likely","Others","Fmily","NC5","Very dissatisfy","Somewhat unlikely","To change the natural skin tone","Media Access Control","Neither agree nor disagree","MAC face and body foundation","Neither agree nor disagree","No","Nykaa"
"2023/03/30 5:45:48 PM GMT+5:30","Gokiladevi","female","25 years -35 years","Everyday","Retro","Rarely","Packaging","Sugar cosemetics","Maybelline","Very important","Onece a year or more","Likely","Sometimes","Eyeshadaw","Natural and minimal","Fill in lines and wrinkles","Others","You tube","Not at all likely","Drug store","Any other","others","Very dissatisfy","Somewhat unlikely","Control oil to allow your skin","Don't know","Disagree somewhat","MAC pro long wear foundation","Agree somewhat","Maybe","Lakeme"
"2023/03/30 5:46:51 PM GMT+5:30","Suganiya","female","18 years -25 years","Weekend","Retro","","Brand","Sugar cosemetics","Maybelline","","Onece a year or more","Likely","","Eyeshadaw","Natural and minimal","Create a less porous surface for makeup","Celebrity/influencer appearance","You tube","Not very likely","","Advertisment","NW35","Very satisfy","Somewhat likely","Control oil to allow your skin","Don't know","Agree somewhat","MAC studio fix foundation","Agree somewhat","No","Lakeme"
"2023/03/30 5:47:39 PM GMT+5:30","Thirumurugan","male","18 years -25 years","Everyday","Trendy","Very frequently","Brand","Insight premier","Maybelline","Very important","Onece a month or more","Not sure","","","Flirty and romantic","Others","","You tube","Not very likely","Both","Advertisment","NW35","Very dissatisfy","Somewhat unlikely","","","Disagree somewhat","MAC pro long wear foundation","Agree somewhat","","Nykaa"
"2023/03/30 5:48:40 PM GMT+5:30","Baskar ","male","Below 18","Weekend","Trendy","Very frequently","Packaging","Sugar cosemetics","","Very important","Onece a month or more","Highly likely","Sometimes","Foundation","Flirty and romantic","Create a less porous surface for makeup","Launch event/party","Pinterest","Not very likely","Drug store","","N5","Very satisfy","Somewhat likely","Control oil to allow your skin","Mack-up Art Cosmetics","Disagree somewhat","MAC pro long wear foundation","Agree somewhat","Maybe","Nykaa"
"2023/03/30 6:02:20 PM GMT+5:30","Naveen R","male","25 years -35 years","Special occasion","Naturals","Very frequently","Brand","Lakme","Maybelline","Very important","Onece a year or more","Not likely","No","Foundation","Natural and minimal","Create a less porous surface for makeup","Free skincare demonstration","Pinterest","Very likely","Both","Workspace","NC10","Very dissatisfy","Very likely","Comfortable","Media Access Control","Disagree somewhat","MAC pro long wear foundation","Agree completely","Maybe","Lakeme"
"2023/03/30 6:06:49 PM GMT+5:30","Charles anselam ","male","18 years -25 years","Weekend","Trendy","Rarely","Brand","Sugar cosemetics","Loreal","Very important","","","","Lipstick","","","","","","","","","","","","","","","","",""